Apple MacBook Air MMGF2HN/A 13.3-inch Laptop (Core i5/8GB/128GB/Mac OS X/Integrated Graphics) 54,990.00
HP 15-be016TU 15.6-inch Laptop (6th Gen Core i3-6006U/4GB/1TB/FreeDOS 2.0/Integrated Graphics), Turbo Silver 27,490.00
Dell Inspiron 11 3162 11.6-inch Laptop (Celeron N3060 /2GB/32GB eMMC Storage /Windows 10 Home), Blue 12,999.00
Lenovo ideapad110 15.6-inch Laptop (6th Gen i3-6006U/4GB/1TB/DOS/Integrated Graphics), Black Texture 25,990.00
HP 15-BE001TU 15.6-inch Laptop (Pentium N3710/4GB/500GB/Windows 10 Home/Integrated Graphics), Jack Black 21,990.00
Apple Macbook Pro MD101HN/A 13-inch Laptop (Core i5/4GB/500GB/Mac OS Mavericks/Intel HD Graphics), Silver 55,190.00
HP 15-BE002TU 15.6-inch Laptop (Pentium N3710/4GB/1TB/FreeDOS/Integrated Graphics), Jack Black 20,990.00
Dell Vostro 3468 14-inch Laptop (7th Gen i3/4GB/1TB/Windows 10/Integrated Graphics), Black with Pre-loaded with MS Office 34,990.00
iBall CompBook Excelance Laptop, 11.6", Quad Core, 2 GB, 32 GB, Win 10 Original 9,810.00
HP 14-AM081TU 14-inch Laptop (Core i5 6th Gen/4GB/1TB/Windows 10 Home/Integrated Graphics), Turbo Silver 38,990.00
iBall Exemplaire CompBook 14-inch Laptop (Atom Z3735F/2GB/32GB/Windows 10/Integrated Graphics) 12,999.00
Asus X540LA-XX596D 15.6-inch Laptop (Core i3-5005U/4GB/1TB/DOS/Intel HD Graphics), Silver 24,550.00
Lenovo Ideapad 110-15ACL 15.6-inch Laptop (A6-7310/4GB/500GB/DOS/Integrated Graphics), Black Texture 18,490.00
Dell Inspiron 11 3162 11.6-inch Laptop (Celeron N3060 /2GB/32GB eMMC Storage /Windows 10 Home), Red 13,490.00
Dell Inspiron 15-3567 15.6-inch Laptop (Core i3 6th Gen -6006U/4GB/1TB/Windows 10/Integrated Graphics) with Preloaded MS office 2016 Home & Student 33,668.00
Apple MacBook Pro MF839HN/A 13-inch Laptop (Core i5/8GB/128GB/OS X Yosemite/Intel Iris Graphics 6100) 92,000.00
Apple MacBook Pro MJLQ2HN/A 15-inch Laptop (Core i7/16GB/256GB/Intel Iris Pro) 142,990.00
Lenovo 110 -15ACL 15.6-inch Laptop (AMD A8-7410/4GB/1TB/Windows 10 Home/Integrated Graphics), Black 24,990.00
Acer Switch 10E SW3-016 10.1-inch Laptop (Atom x5-Z8300/2GB/32GB/Windows 10 Home/Integrated Graphics), Shark Grey 13,990.00
HP 15-ay554tu Portable 15.6-inch Laptop (6th Gen Core i5-6200U/4GB/1TB/Windows 10 Home/Integrated Graphics), Turbo Silver 36,390.00
HP 15-AY503TX 2016 15.6-inch Laptop (6th Gen Core i5-6200U/8GB/1TB/DOS/2GB Graphics), Turbo Silver 41,390.00
Dell Inspiron 15 5559 15.6-inch Laptop (6th Gen Core i3-6100U/4GB/1TB/DOS/Integrated Graphics), Silver 29,980.00
Lenovo G50-80 80E502Q3IH 15.6-inch Laptop (Core i3 5005U/4GB/1TB/DOS/ATI Exo Pro R5 M330 2GB Graphics), Black 27,417.00
iBall Flip X5 Compbook 11.6-Inch Touchscreen 2-in-1 Laptop (Atom Z8300/2GB/32GB/Windows 10/Integrated Graphics) 13,122.00
HP 15-BE002TX 15.6-inch Laptop (Core i5 6th Gen/8GB/1TB/Windows 10 Home/2GB Graphics), Turbo Silver 48,990.00
HP 245 G5 Notebook (AMD A6 CPU/ 4GB/ 500GB/ DOS) ,Black 1 Yrs Warranty By HP India Service Center. 19,980.00
Lenovo Ideapad 110-15ISK 80UD013KIH (Core i3 6006U/8GB RAM/1TB HDD/DOS/Integrated Graphics ) ,Black 28,990.00
Asus X541UA-DM883D(X541U), Core i3 6th gen 6006u, 4 gb ddr4 ram, 1 tb hdd, 15.5" fhd screen, dvd rw, dos, 1 year warranty, Silver 27,499.00
Dell Inspiron 11 3168 11.6-inch Laptop (Pentium N3710/4GB/500GB/Windows 10 Home/Integrated Graphics), Red - With Pre-Loaded MS Office 2016 28,990.00
Lenovo Ideapad 110 80TJ00BNIH 15.6-inch Laptop (AMD A8-7410/8GB/1TB/DOS/2GB Graphics) 25,990.00
Acer Aspire ES1-523-20DG NX.GKYSI.001 15.6 Inch Laptop (APU Dual Core E1/4GB/1TB/Linux) Midnight Black 18,449.00
Dell Inspiron 3555 15.6-inch Laptop (AMD E2-6110/4GB/500GB/Ubuntu/Integrated Graphics) 21,301.00
Lenovo G50-80 15.6-inch Laptop (Core i3-5005U/8GB/1TB/Windows 10 Home/2GB Graphics), Black 34,990.00
Inspiron i7-15RSLV Dell 15R 5559 15.6" FHD Touch 6th Gen i7-6500U 16GB 1TB HDD Upto 4GB AMD Graphics Windows10 Back-lit KeyBoard (1920x1080) DVDRW(Silver) 72,099.00
iBall 11.6 Inches CompBook - i360(Intel Atom/32 GB Hard Drive/2 GB/windows 10) 12,999.00
HP 15-AU003TX 15.6-inch Laptop (Core i5-6200U/8GB/1TB/Windows 10 Home/2GB Graphics), Natural Silver 48,990.00
Lenovo 80E503G2IH 15.6-inch Laptop i3-5005U/4GB/1TB/Windows 10/Integrated Graphics), Black 31,250.00
Dell Inspiron 3558 Notebook (5th Gen Intel Core i3- 4GB RAM- 1TB HDD- 39.62 cm(15.6)- Ubuntu) (Black) 29,713.00
Dell Inspiron 15-3567 15.6-inch Laptop (Core i5 7th Gen -7200U/4GB DDR4L/1TB HDD/ DOS) Black 37,265.00
Apple MacBook Air MMGG2HN/A 13-inch Laptop (Core i5/8GB/256GB/OS X El Capitan/Integrated Graphics), Silver 80,189.00
Lenovo Yoga 500 14-inch 2 in 1 Touch Screen Laptop (Core i5 6th Gen/4GB/500GB/Window 10 Home/Integrated Graphics), Black 49,990.00
HP 15-bg007AU 15.6-inch Laptop (AMD A6-7310/4GB/500GB/Windows 10 Home/Integrated Graphics), Sparkling Black 23,990.00
Apple MacBook Pro MLH12HN/A Laptop 2016 (Core i5/8GB/256GB/Mac OS/Integrated Graphics/Touch Bar), Space Grey 138,389.00
Dell Inspiron 3558 Z565110SIN92 2016 15.6-inch Laptop (5th Core i5-5200U/4GB/1TB/Windows 10/2GB Graphics), Black 42,890.00
HP 14-AM122TU 14-inch Laptop (7th Gen Core i5-7200U/4GB/1TB/Windows 10 Home/Integrated Graphics), Turbo Silver 41,990.00
Micromax Canvas Laptab LT666W 10.1-inch Touchscreen Laptop (Intel Atom Z3735F/2GB/32GB/Windows 10/Integrated Graphics/With WiFi Only), Grey 12,000.00
HP 15-BA021AX 15.6-inch Laptop (A10-9600P/4GB/1TB/DOS/2GB Graphics) 29,640.00
Asus X541UV-XO029D 15.6-inch Laptop (Intel Core i5-6200U/4GB/1TB/DOS/2GB Graphics), BLACK 36,990.00
Acer Aspire SW3-016 10.1-inch Laptop (Atom x5-Z8300/2GB/32GB/Windows 10/Integrated Graphics), Blue 13,990.00
Lenovo Ideapad 100 80QQ01BBIH 15.6-inch Laptop (Core i5-5200U/4GB/1TB/Windows 10 Home/2GB Graphics), Black 34,990.00
DELL New Latitude 3460 Intel Core i3 5th Gen-5005U / 4GB / 500GB / 14" LED HD 1366 x 768 /Dos/ 1 Year Warranty with ADP/Without Bag 28,544.00
HP Notebook 15-AY542TU 15.6-Inch Laptop (Core I3 6TH GEN, 4 GB RAM DDR4, 1 TB HDD) 27,499.00
Dell Inspiron 15-3567 15.6-inch Laptop (Core i3 6th Gen -6006U/4GB/1TB/Integrated Graphics) comes with DOS 28,380.00
Dell Inspiron 5559 15.6-inch Laptop (Intel Core i5-6200U/8 GB/1 TB/Win 10/AMD Radeon 2GB DDR3), Black With Pre-Loaded MS Office 2016 Home & Student edition 49,600.00
Lenovo G50-80 80E502Q8IH 15.6-inch Laptop (Core i3-5005U/4GB/1TB/DOS/Integrated Graphics), Black 28,500.00
Lenovo ideapad110 80TR0035IH 15.6-inch Laptop (A9-9400/4GB/1TB/Windows 10/Integrated Graphics), Black Texture 26,990.00
HP 15-BE011TU 15.6-inch Laptop (Core i3- 6th Gen / 4GB/1TB/Free DOS /Integrated Graphics), Jack Black 27,985.00
HP 15-AY543TU 15.6-inch Laptop (Core i3-6006U/4GB/1TB/Windows 10/Integrated Graphics), Silver 33,989.00
Apple MacBook Pro MLW82HN/A Laptop 2016 (Core i7/16GB/512GB/Mac OS/Integrated Graphics/Touch Bar), Silver 224,876.00
Microsoft Surface Pro 4 (Core i5 - 6th Gen/4GB/128GB/Windows 10 Pro/Integrated Graphics/31.242 Centimeter Full HD Display), Silver 72,490.00
Acer One 14 14-inch Laptop (Pentium N3700/4GB/500GB/Integrated Graphics) 18,389.00
HP 15-ay004tx Notebook (5th Gen Intel Core i3- 4GB RAM- 1TB HDD- 39.62cm(15.6)- Windows 10-AMD RadeonTM R5 M430 Graphics 2 GB DDR3 dedicated) (Silver) 31,990.00
Dell Vostro 3568 15.6-inch Laptop (Celeron Dual Core - 5th Gen /4GB/500GB/DOS) , Black 21,488.00
Asus FX553VD-DM483 Core i7 7th Gen {7700HQ 2.8 GHz (6M Cache,Turbo Boost Upto 3.8 GHz)} - (8 GB DDR4 2400 Mhz /1 TB HDD/ 2 GB NVIDIA GeForce GTX 1050 DDR5 /15.6 Full HD/Endless OS) - BLACK 72,359.00
Acer Aspire E5-523-98R2 (NX.GDNSI.004) Notebook (AMD APU A9- 4GB RAM- 1TB HDD- 39.62 cm(15.6)- Linux) (Black) 21,990.00
Apple MacBook Pro MLL42HN/A 13-inch Laptop (Core i5/8GB/256GB/Mac OS/Integrated Graphics), Space Grey 117,996.00
Acer Aspire ES1-572 UN.GKQSI.003 15.6-inch Laptop (6th Gen Core i3-6006U/4GB/500GB/Linux/Integrated Graphics), Black 23,980.00
Asus Eeebook E402SA-WX014T 14-inch Laptop (Celeron N3050/2GB/32GB/Windows 10/Integrated Graphics), White 16,438.00
Dell Inspiron 3000 Z565162 15.6-inch Laptop (Pentium N3700/4GB/500GB/Windows 10/Integrated Graphics) 25,800.00
Asus E200HA-FD0005TS 11.6-inch Laptop (Atom x5-Z8300/2GB/32GB/Windows 10/Integrated Graphics), White 13,989.00
Lenovo Ideapad 80UD0144IH (Core i3 6006U/8GB Ram /1TB HDD/Win10/15.6" Display/Intergrated Graphics ) Black 32,990.00
HP 15-BA001AX 15.6-inch Laptop (AMD A8-7410/4GB/1TB/Windows 10 Home/2GB Graphics), Turbo Silver 31,850.00
HP 15-BG003AU 15.6-Inch Notebook (AMD Quad-Core E2-7110/4GB DDR3/500GB/FreeDOS 2.0/AMD Radeon R2), Turbo Silver Colour with Linear )Turbo Silver Colour with Linear Grooves 19,990.00
Dell Inspiron 15 5559 15.6-inch Laptop (6th Gen i3-6100U/4GB/1TB/DOS/Integrated Graphics), Black 29,499.00
HP 15-AY084tu (X3C63PA) (6th Gen Ci5 6200U/ 4GB DDR4L / 1TB HDD/39.62 cm (15.6) / DOS) (Silver) 35,680.00
Fujitsu A series Core i3 5th Gen - (4 GB/1 TB HDD/DOS) A555 Lifebook Notebook (15.6 inch, Black) 22,999.00
HP Pavilion 15-AU628TX 15.6-inch Laptop (7th Gen Core i7-7500U/8GB/1TB/Windows 10 Home/4GB Graphics), Natural Silver 72,800.00
HP 15-AY020TU 15.6-inch Laptop (Core i3-5005U/4GB/1TB/Windows 10 Home/Integrated Graphics), Turbo Silver 32,990.00
Asus A555LF-XX409T 15.6-inch Laptop (Core i3-5010U/4GB/1TB/Windows 10/2GB Graphics), Matte Silver and Grey 33,280.00
Dell Inspiron 5567 15.6-inch Laptop (Core i7 Gen 7, 16GB RAM, 2TB SATA HDD, Windows) 77,990.00
HP 15-AY513TX 15.6-inch Laptop (6th Gen Core i3-6006U/8GB/1TB/DOS/2GB Graphics), Turbo Silver 34,777.00
HP 15-ba036AU 15.6-inch Laptop (A6-7310/4GB/1TB/FreeDOS 2.0/Integrated Graphics), Turbo Silver 21,739.00
Asus R558Uq Core I5 7Th Gen (7200U 2.5 Ghz With Turbo Boost Upto 3.1 Ghz) - (4 GB Ddr4 /1 Tb HDd/Dos/2 GB Nvidia 940Mx Graphics, 15.6 Full HD) ,Gold Color 43,790.00
Dell Inspiron 3552 Notebook (Z565160HIN9/Intel Celeron/ 4GB RAM/500GB HDD/39.62 cm/15.6/ Windows 10),Black 23,990.00
Lenovo G50-80 (TOUCH SCREEN) 15.6" (1366x768) (CoreTM i3-4030U 1.9GHz/ 500GB/4GB/ DVD-RW BT /Windows 8.1 Webcam) ,Black,Free Back Pack 29,990.00
HP Pavilion 11-AB005TU 11.6-inch 2-in-1 Laptop (Pentium N3710/4GB/500GB/Windows 10 Home/Integrated Graphics), Jet Black 26,980.00
HP Pavilion 15-AU624TX 15.6-inch Laptop (7th Gen Core i5-7200U/4GB/1TB/Windows 10 Home/4GB Graphics) 58,790.00
HP 15-AY009TX 15.6-inch Laptop (Core i5-6200U/8GB/1TB/Windows 10/2GB Graphics), Silver 47,740.00
Lenovo Ideapad 500 80Q30056IN 14-inch Laptop (Core i5-6200U/4GB/1TB/Windows 10 Home/2GB Graphics), Silver 49,250.00
Dell Vostro 15 3568 (Celeron Dual Core (6th Gen)/ 4 GB DDR4/ 500 GB/ 39.62 cm (15.6)/ Linux/ Intel HD Graphics) (Black) 20,890.00
Asus E200HA-FD0043T 11.6-inch Laptop (Atom Z8350/2GB/32GB/Windows 10/Integrated Graphics), Gold 14,990.00
